Date,Unemployment_Rate,Initial_Jobless_Claims,Nonfarm_Payrolls,Fed_Funds_Rate,Yield_Curve_Spread,CPI_Headline,Consumer_Sentiment,Retail_Sales,Industrial_Production,Housing_Starts,VIX,Credit_Spread,Trend_layoffs,Trend_unemployment_benefits,Trend_jobs_near_me
2000-01-31,4.0,288400.0,131011.0,5.45,0.221,169.3,112.0,261545.0,91.538,1636.0,23.202,1.6715,,,
2000-02-29,4.1,293750.0,131120.0,5.73,-0.091,170.0,111.3,265686.0,91.8239,1737.0,23.5955,1.7675,,,
2000-03-31,4.0,274750.0,131604.0,5.85,-0.2717391304347826,171.0,107.1,269019.0,92.1504,1604.0,22.718260869565217,2.110869565217391,,,
2000-04-30,3.8,271600.0,131884.0,6.02,-0.4131578947368421,170.9,109.2,264067.0,92.6989,1626.0,27.164210526315788,2.411578947368421,,,
2000-05-31,4.0,282250.0,132105.0,6.27,-0.3690909090909091,171.2,110.7,265992.0,92.9499,1575.0,26.37318181818182,2.46,,,
2000-06-30,4.0,291000.0,132063.0,6.53,-0.3845454545454546,172.2,106.4,267750.0,92.9862,1559.0,21.54,2.385,,,
2000-07-31,4.0,295000.0,132228.0,6.54,-0.28500000000000003,172.7,108.3,265683.0,92.8048,1463.0,19.893,2.2925,,,
2000-08-31,4.1,312750.0,132234.0,6.5,-0.4026086956521739,172.7,107.3,266885.0,92.5521,1541.0,18.088695652173914,2.429130434782609,,,
2000-09-30,3.9,300200.0,132337.0,6.52,-0.28250000000000003,173.6,106.8,270523.0,92.9792,1507.0,19.6875,2.5469999999999997,,,
2000-10-31,3.9,301000.0,132352.0,6.51,-0.1738095238095238,173.9,105.8,270339.0,92.6179,1549.0,25.2,2.602857142857143,,,
2000-11-30,3.9,334250.0,132556.0,6.51,-0.15809523809523812,174.2,107.6,268850.0,92.6438,1551.0,26.38285714285714,2.5619047619047617,,,
2000-12-31,3.9,346000.0,132716.0,6.4,-0.1115,174.6,98.4,268338.0,92.3415,1532.0,26.5305,2.7824999999999998,,,
2001-01-31,4.2,340000.0,132703.0,5.98,0.40095238095238095,175.6,94.7,272881.0,91.902,1600.0,24.918571428571425,2.7676190476190476,,,
2001-02-28,4.2,371250.0,132788.0,5.49,0.4421052631578948,176.0,90.6,272627.0,91.3034,1625.0,23.411578947368422,2.774736842105263,,,
2001-03-31,4.3,387200.0,132751.0,5.31,0.5431818181818181,176.1,91.5,269820.0,91.1162,1590.0,28.49681818181818,2.958636363636364,,,
2001-04-30,4.4,396750.0,132458.0,4.8,0.907,176.4,88.4,274410.0,90.7891,1649.0,28.133999999999997,2.9274999999999998,,,
2001-05-31,4.3,394500.0,132408.0,4.21,1.1313636363636363,177.3,92.0,275769.0,90.3555,1605.0,22.944090909090907,2.680454545454545,,,
2001-06-30,4.5,397200.0,132300.0,3.97,1.2042857142857142,177.7,92.6,274474.0,89.8784,1636.0,20.94047619047619,2.6904761904761907,,,
2001-07-31,4.6,398000.0,132172.0,3.77,1.1976190476190476,177.4,92.4,273098.0,89.3028,1670.0,22.316190476190474,2.7338095238095237,,,
2001-08-31,4.9,398000.0,132021.0,3.65,1.2139130434782608,177.4,91.5,275659.0,89.2003,1567.0,21.86173913043478,2.8773913043478263,,,
2001-09-30,5.0,435000.0,131763.0,3.07,1.6129411764705883,178.1,81.8,268652.0,88.7485,1562.0,35.065333333333335,3.2958823529411765,,,
2001-10-31,5.3,480750.0,131452.0,2.49,1.8409090909090908,177.6,82.7,288632.0,88.5052,1540.0,32.72130434782609,3.3400000000000003,,,
2001-11-30,5.5,447500.0,131144.0,2.09,1.8690000000000002,177.5,83.9,280033.0,87.97,1602.0,26.63095238095238,3.1614999999999998,,,
2001-12-31,5.7,416800.0,130983.0,1.82,1.9805,177.4,88.8,276302.0,87.9324,1568.0,23.72,2.9657894736842105,,,
2002-01-31,5.7,408500.0,130859.0,1.73,2.0076190476190474,177.7,93.0,277135.0,88.5176,1698.0,22.252857142857142,2.833809523809524,,,
2002-02-28,5.7,399000.0,130737.0,1.74,1.8963157894736842,178.0,90.7,278869.0,88.5278,1829.0,22.87578947368421,2.9789473684210526,,,
2002-03-31,5.7,415400.0,130722.0,1.73,1.7265000000000001,178.5,95.7,278079.0,89.1686,1642.0,18.985,2.822,,,
2002-04-30,5.9,429250.0,130616.0,1.75,1.7881818181818183,179.3,93.0,281147.0,89.604,1592.0,19.900454545454547,2.821818181818182,,,
2002-05-31,5.8,409000.0,130632.0,1.75,1.9004545454545456,179.5,96.9,278966.0,89.964,1764.0,20.087727272727275,2.9231818181818183,,,
2002-06-30,5.8,387200.0,130674.0,1.75,1.9335,179.6,92.4,280426.0,90.7061,1717.0,25.271,3.0235,,,
2002-07-31,5.8,386000.0,130584.0,1.73,2.096363636363636,180.0,88.1,284161.0,90.6769,1655.0,34.04954545454546,3.244545454545454,,,
2002-08-31,5.7,393600.0,130581.0,1.74,2.1236363636363635,180.5,87.6,285884.0,90.5762,1633.0,33.74272727272727,3.3245454545454547,,,
2002-09-30,5.7,409500.0,130502.0,1.75,1.8655000000000002,180.8,86.1,281064.0,90.6531,1804.0,37.6475,3.526,,,
2002-10-31,5.7,407500.0,130617.0,1.75,2.0290909090909093,181.2,80.6,282940.0,90.4643,1648.0,35.24304347826087,3.7927272727272725,,,
2002-11-30,5.9,392200.0,130616.0,1.34,2.125263157894737,181.5,84.2,283408.0,90.9711,1753.0,28.175,3.568947368421053,,,
2002-12-31,6.0,414250.0,130465.0,1.24,2.1961904761904765,181.8,86.7,286646.0,90.4652,1788.0,28.21047619047619,3.4161904761904758,,,
2003-01-31,5.8,395000.0,130573.0,1.24,2.305238095238095,182.6,82.4,288657.0,91.2361,1853.0,27.424285714285713,3.2990476190476192,,,
2003-02-28,5.9,411000.0,130441.0,1.26,2.274736842105263,183.6,79.9,284696.0,91.3445,1629.0,32.21842105263158,3.1542105263157896,,,
2003-03-31,5.9,427400.0,130235.0,1.25,2.2333333333333334,183.9,77.6,288177.0,91.1044,1726.0,30.634285714285717,3.141904761904762,,,
2003-04-30,6.0,436250.0,130173.0,1.26,2.336190476190476,183.2,86.0,289053.0,90.5617,1643.0,23.99190476190476,2.894285714285714,,,
2003-05-31,6.1,424000.0,130197.0,1.26,2.1538095238095236,182.9,92.1,289619.0,90.537,1751.0,20.23952380952381,2.809047619047619,,,
2003-06-30,6.3,421750.0,130186.0,1.22,2.107142857142857,183.1,89.7,293671.0,90.6527,1867.0,20.362380952380953,2.856190476190476,,,
2003-07-31,6.2,411500.0,130184.0,1.01,2.5013636363636365,183.7,90.9,296207.0,91.1185,1897.0,19.161363636363635,2.640909090909091,,,
2003-08-31,6.1,400200.0,130153.0,1.03,2.580952380952381,184.5,89.3,299592.0,90.9197,1833.0,19.274285714285714,2.5666666666666664,,,
2003-09-30,6.1,395500.0,130252.0,1.01,2.568095238095238,185.1,87.7,298921.0,91.5059,1939.0,19.532380952380954,2.5157142857142856,,,
2003-10-31,6.0,382000.0,130439.0,1.01,2.5427272727272725,184.9,89.6,298205.0,91.6186,1967.0,18.023478260869567,2.442272727272727,,,
2003-11-30,5.8,363000.0,130480.0,1.0,2.373333333333333,185.0,93.7,299433.0,92.2329,2083.0,17.40105263157895,2.3577777777777778,,,
2003-12-31,5.7,358250.0,130589.0,0.98,2.3604545454545454,185.5,92.6,300702.0,92.2602,2057.0,16.826363636363638,2.3286363636363636,,,
2004-01-31,5.7,360200.0,130756.0,1.0,2.3895,186.3,103.8,301993.0,92.4006,1911.0,16.101,2.2915,4.0,5.0,0.0
2004-02-29,5.6,360750.0,130821.0,1.01,2.3442105263157895,186.7,94.4,303915.0,92.958,1846.0,15.99842105263158,2.181052631578947,3.0,5.0,0.0
2004-03-31,5.8,342000.0,131140.0,1.0,2.248695652173913,187.1,95.8,309471.0,92.5861,1998.0,17.687391304347827,2.2878260869565215,3.0,3.0,0.0
2004-04-30,5.6,348250.0,131412.0,1.0,2.276666666666667,187.4,94.2,307358.0,92.93,2003.0,15.69857142857143,2.111428571428571,2.0,3.0,0.0
2004-05-31,5.6,336200.0,131697.0,1.0,2.182,188.2,90.2,311088.0,93.6013,1981.0,17.705000000000002,2.0315,3.0,3.0,0.0
2004-06-30,5.6,349000.0,131794.0,1.03,1.9704761904761903,188.9,95.6,309127.0,92.871,1828.0,15.342727272727274,2.05,3.0,3.0,0.0
2004-07-31,5.5,343000.0,131854.0,1.26,1.8595238095238094,189.1,96.7,311681.0,93.5649,2002.0,15.502380952380953,2.124285714285714,3.0,3.0,0.0
2004-08-31,5.4,340750.0,131939.0,1.43,1.7731818181818182,189.2,95.9,311192.0,93.6277,2024.0,16.68409090909091,2.1818181818181817,2.0,3.0,0.0
2004-09-30,5.4,337250.0,132089.0,1.61,1.6004761904761904,189.8,94.2,317446.0,93.7467,1905.0,14.08095238095238,2.142857142857143,y
2004-10-31,5.5,334000.0,132429.0,1.76,1.5125,190.8,91.7,318476.0,94.5465,2072.0,14.973809523809523,2.1079999999999997,3.0,3.0,0.0
2004-11-30,5.4,328750.0,132503.0,1.93,1.342,191.7,92.8,320520.0,94.7813,1782.0,13.577619047619047,2.009,3.0,3.0,0.0
2004-12-31,5.4,325250.0,132630.0,2.16,1.219090909090909,191.7,97.1,324672.0,95.5365,2042.0,12.459545454545456,1.9227272727272726,3.0,3.0,0.0
2005-01-31,5.3,343400.0,132781.0,2.28,0.999,191.6,95.5,321272.0,95.8801,2144.0,13.437999999999999,1.796,3.0,3.0,0.0
2005-02-28,5.4,311750.0,133034.0,2.5,0.7805263157894737,192.4,94.1,325308.0,96.5761,2207.0,11.708947368421052,1.6505263157894736,2.0,3.0,0.0
2005-03-31,5.2,332000.0,133154.0,2.63,0.770909090909091,193.1,92.6,326179.0,96.4456,1864.0,13.126363636363635,1.5631818181818182,2.0,3.0,0.0
2005-04-30,5.2,323200.0,133520.0,2.79,0.6871428571428572,193.7,87.7,329124.0,96.6532,2061.0,14.459047619047618,1.7080952380952379,2.0,2.0,0.0
2005-05-31,5.1,327000.0,133689.0,3.0,0.5004761904761905,193.6,86.9,327233.0,96.7402,2025.0,13.967619047619047,1.861904761904762,3.0,3.0,0.0
2005-06-30,5.0,325750.0,133948.0,3.04,0.3577272727272727,193.7,96.0,337219.0,97.1753,2068.0,11.868636363636364,1.86,3.0,3.0,0.0
2005-07-31,5.0,324400.0,134300.0,3.26,0.3065,194.9,96.5,339529.0,96.8676,2054.0,11.049,1.775,4.0,3.0,0.0
2005-08-31,4.9,315750.0,134502.0,3.5,0.21826086956521742,196.1,89.1,335605.0,97.1833,2095.0,12.951304347826087,1.6995652173913043,2.0,2.0,0.0
2005-09-30,5.0,382750.0,134552.0,3.62,0.2528571428571429,198.8,76.9,336600.0,95.3005,2151.0,12.628095238095238,1.83,2.0,3.0,0.0
2005-10-31,5.0,352200.0,134641.0,3.78,0.1925,199.1,74.2,336753.0,96.4572,2065.0,14.937619047619048,1.8345000000000002,2.0,3.0,0.0
2005-11-30,5.0,317250.0,134997.0,4.0,0.11850000000000001,198.1,81.6,339719.0,97.5414,2147.0,12.147619047619047,1.855,3.0,2.0,0.0
2005-12-31,4.9,316400.0,135159.0,4.16,0.06285714285714286,198.1,91.5,339895.0,98.0452,1994.0,11.26,1.8538095238095238,2.0,2.0,0.0
2006-01-31,4.7,295750.0,135427.0,4.29,0.020499999999999997,199.3,91.2,349664.0,98.1999,2273.0,12.036,1.8210000000000002,3.0,3.0,0.0
2006-02-28,4.8,290750.0,135733.0,4.49,-0.09947368421052633,199.4,86.7,347021.0,98.2413,2119.0,12.471052631578948,1.7010526315789474,3.0,3.0,0.0
2006-03-31,4.7,301750.0,136038.0,4.59,-0.009999999999999998,199.7,88.9,348357.0,98.4628,1969.0,11.69391304347826,1.6873913043478261,2.0,2.0,0.0
2006-04-30,4.7,303600.0,136210.0,4.79,0.10157894736842105,200.7,87.4,350072.0,98.7618,1821.0,11.84736842105263,1.69,2.0,3.0,0.0
2006-05-31,4.6,332750.0,136249.0,4.94,0.14181818181818182,201.3,79.1,348889.0,98.7869,1942.0,14.454545454545455,1.6354545454545453,2.0,2.0,0.0
2006-06-30,4.6,305500.0,136337.0,4.99,-0.015454545454545453,201.8,84.9,350795.0,99.0997,1802.0,16.918636363636363,1.6731818181818179,2.0,3.0,0.0
2006-07-31,4.7,318800.0,136529.0,5.24,-0.031,202.9,84.7,351916.0,99.0489,1737.0,15.325999999999999,1.6745,2.0,3.0,0.0
2006-08-31,4.7,314250.0,136692.0,5.25,-0.026956521739130435,203.8,82.0,353285.0,99.4836,1650.0,13.351739130434783,1.7117391304347824,2.0,3.0,0.0
2006-09-30,4.5,316200.0,136826.0,5.25,-0.05,202.8,85.4,351240.0,99.3183,1720.0,12.1845,1.7109999999999999,3.0,3.0,0.0
2006-10-31,4.4,315500.0,136843.0,5.25,-0.06666666666666668,201.9,93.6,351035.0,99.2044,1491.0,11.306363636363637,1.6952380952380952,2.0,3.0,0.0
2006-11-30,4.5,326250.0,137060.0,5.25,-0.14523809523809525,202.0,92.1,352116.0,99.1627,1570.0,10.817619047619049,1.6085714285714285,2.0,3.0,0.0
2006-12-31,4.4,324000.0,137249.0,5.24,-0.10900000000000001,203.1,91.7,356367.0,100.1735,1649.0,10.9645,1.654,2.0,3.0,0.0
2007-01-31,4.6,317250.0,137472.0,5.25,-0.11666666666666667,203.437,96.9,355792.0,99.8346,1409.0,11.0425,1.5833333333333333,3.0,4.0,0.0
2007-02-28,4.5,322750.0,137560.0,5.26,-0.12631578947368421,204.226,91.3,356545.0,100.7753,1480.0,11.155263157894737,1.5531578947368423,3.0,4.0,0.0
2007-03-31,4.4,309400.0,137784.0,5.26,-0.009090909090909092,205.288,88.4,359415.0,100.9547,1495.0,15.162727272727272,1.7031818181818181,3.0,3.0,0.0
2007-04-30,4.5,320250.0,137847.0,5.25,0.027619047619047623,205.904,87.1,358562.0,101.6334,1490.0,12.933000000000002,1.6995238095238094,3.0,3.0,0.0
2007-05-31,4.4,304250.0,137992.0,5.25,-0.02,206.755,88.3,363085.0,101.7306,1415.0,13.297727272727274,1.6390909090909092,4.0,4.0,0.0
2007-06-30,4.6,315200.0,138070.0,5.25,0.12238095238095237,207.234,85.3,360234.0,101.7893,1448.0,14.947619047619046,1.5942857142857145,3.0,4.0,0.0
2007-07-31,4.7,313250.0,138044.0,5.26,0.18523809523809526,207.603,90.4,361770.0,101.6672,1354.0,17.273333333333333,1.648095238095238,2.0,4.0,0.0
2007-08-31,4.6,320000.0,138013.0,5.02,0.3617391304347826,207.667,83.4,363676.0,101.863,1330.0,25.02608695652174,1.977391304347826,3.0,4.0,0.0
2007-09-30,4.7,313400.0,138099.0,4.94,0.51,208.547,83.4,365178.0,102.0894,1183.0,22.198947368421056,2.0705263157894733,3.0,4.0,0.0
2007-10-31,4.7,328250.0,138175.0,4.76,0.56,209.19,80.9,367322.0,101.8015,1264.0,19.115652173913045,1.9518181818181817,4.0,4.0,0.0
2007-11-30,4.7,336000.0,138290.0,4.49,0.8119999999999999,210.834,76.1,370776.0,102.3446,1197.0,25.58238095238095,2.2465,4.0,4.0,0.0
2007-12-31,5.0,348200.0,138395.0,4.24,0.9804999999999999,211.445,75.5,366569.0,102.3803,1037.0,21.651,2.548,3.0,5.0,0.0
2008-01-31,5.0,338750.0,138391.0,3.94,1.2685714285714287,212.174,78.4,367368.0,102.2448,1084.0,25.816190476190474,2.7966666666666664,6.0,6.0,0.0
2008-02-29,4.9,346750.0,138329.0,2.98,1.7645,212.687,70.8,364126.0,101.8438,1103.0,25.456,3.086,4.0,5.0,0.0
2008-03-31,5.1,363400.0,138259.0,2.61,1.893,213.448,69.5,365164.0,101.5336,1005.0,27.103500000000004,3.3825000000000003,5.0,5.0,0.0
2008-04-30,5.0,359500.0,138040.0,2.28,1.627727272727273,213.942,62.6,364816.0,100.8785,1013.0,21.562727272727273,3.2922727272727275,6.0,6.0,0.0
2008-05-31,5.4,366800.0,137851.0,1.98,1.4342857142857142,215.208,59.8,368255.0,100.2674,973.0,18.303333333333335,3.0490476190476192,5.0,6.0,0.0
2008-06-30,5.6,383250.0,137700.0,2.0,1.3257142857142856,217.463,56.4,368926.0,100.0335,1046.0,22.11047619047619,2.974285714285714,5.0,7.0,0.0
2008-07-31,5.8,398000.0,137497.0,2.01,1.4345454545454546,219.016,61.2,367594.0,99.676,923.0,24.321818181818184,3.151818181818182,5.0,7.0,0.0
2008-08-31,6.1,433000.0,137211.0,2.0,1.4652380952380952,218.69,63.0,364611.0,98.1111,844.0,20.695714285714285,3.2628571428571425,4.0,6.0,0.0
2008-09-30,6.1,464000.0,136760.0,1.81,1.61,218.877,70.3,358991.0,93.7895,820.0,30.23857142857143,3.625714285714286,6.0,9.0,0.0
2008-10-31,6.5,475250.0,136291.0,0.97,2.2018181818181817,216.995,57.6,346137.0,94.7219,777.0,61.17739130434782,5.0631818181818184,14.0,12.0,0.0
2008-11-30,6.8,519800.0,135541.0,0.39,2.3138888888888887,213.153,55.3,332498.0,93.4715,652.0,62.66894736842105,5.685,21.0,16.0,0.0
2008-12-31,7.3,564000.0,134847.0,0.16,1.5954545454545455,211.398,60.1,324767.0,90.8357,560.0,52.405,6.013636363636365,22.0,15.0,0.0
2009-01-31,7.8,572000.0,134079.0,0.15,1.7105000000000001,211.933,61.2,329787.0,88.57,490.0,44.683,5.6259999999999994,38.0,21.0,0.0
2009-02-28,8.3,644000.0,133318.0,0.22,1.894736842105263,212.705,56.3,328376.0,88.031,582.0,45.57052631578947,5.214736842105263,27.0,22.0,0.0
2009-03-31,8.7,659250.0,132494.0,0.18,1.8881818181818182,212.495,57.3,322634.0,86.6528,505.0,44.79545454545455,5.6000000000000005,23.0,17.0,0.0
2009-04-30,9.0,627750.0,131822.0,0.15,2.0,212.709,65.1,324323.0,85.9344,478.0,38.063809523809525,5.46047619047619,18.0,16.0,0.0
2009-05-31,9.4,612000.0,131466.0,0.18,2.3635,213.022,68.7,327011.0,85.0665,540.0,31.977999999999998,4.7705,14.0,14.0,0.0
2009-06-30,9.5,598250.0,131008.0,0.21,2.5377272727272726,214.79,70.8,332227.0,84.7459,585.0,29.140454545454546,3.7731818181818184,13.0,16.0,0.0
2009-07-31,9.5,566500.0,130662.0,0.16,2.5431818181818184,214.726,66.0,333670.0,85.7027,594.0,26.162727272727274,3.5254545454545454,12.0,16.0,0.0
2009-08-31,9.6,559200.0,130472.0,0.16,2.4719047619047623,215.445,65.7,339586.0,86.6426,586.0,25.337142857142858,2.989047619047619,9.0,17.0,0.0
2009-09-30,9.8,547500.0,130246.0,0.15,2.4457142857142857,215.861,73.5,330998.0,87.4063,585.0,24.92666666666667,2.910952380952381,8.0,17.0,0.0
2009-10-31,10.0,525400.0,130061.0,0.12,2.4385714285714286,216.509,70.6,334595.0,87.6419,534.0,24.252272727272725,2.9042857142857144,9.0,20.0,0.0
2009-11-30,9.9,494000.0,130057.0,0.12,2.599473684210526,217.234,67.4,337321.0,88.0221,588.0,23.788999999999998,2.916842105263158,10.0,20.0,0.0
2009-12-31,9.9,485500.0,129808.0,0.12,2.7154545454545453,217.347,72.5,338736.0,88.3793,581.0,21.239545454545453,2.777727272727273,6.0,16.0,0.0
2010-01-31,9.8,479800.0,129802.0,0.11,2.8042105263157895,217.488,74.4,339093.0,89.3426,614.0,20.643157894736845,2.5147368421052634,8.0,16.0,0.0
2010-02-28,9.8,485750.0,129706.0,0.13,2.8342105263157897,217.281,73.6,339580.0,89.6779,604.0,22.54,2.650526315789474,8.0,16.0,0.0
2010-03-31,9.9,470250.0,129866.0,0.16,2.7686956521739132,217.353,73.6,346974.0,90.2928,636.0,17.767391304347825,2.5473913043478262,8.0,20.0,0.0
2010-04-30,9.9,469000.0,130120.0,0.2,2.786363636363636,217.403,72.2,349869.0,90.5991,687.0,17.424285714285716,2.4077272727272727,6.0,17.0,0.0
2010-05-31,9.6,459400.0,130642.0,0.2,2.5895,217.29,73.6,346858.0,91.823,583.0,31.9295,2.631,7.0,13.0,0.0
2010-06-30,9.4,460500.0,130510.0,0.18,2.4795454545454545,217.199,76.0,346516.0,91.9928,536.0,29.916363636363634,3.0263636363636364,6.0,21.0,0.0
2010-07-31,9.4,459200.0,130415.0,0.18,2.394761904761905,217.605,67.8,347612.0,92.3421,546.0,25.565238095238094,2.9995238095238097,5.0,24.0,0.0
2010-08-31,9.5,475000.0,130415.0,0.19,2.178181818181818,217.923,68.9,349188.0,92.6805,599.0,24.74590909090909,2.964090909090909,4.0,12.0,0.0
2010-09-30,9.5,453500.0,130341.0,0.19,2.1676190476190476,218.275,68.2,352179.0,92.9537,594.0,22.517619047619046,3.0104761904761905,4.0,9.0,0.0
2010-10-31,9.4,446800.0,130620.0,0.19,2.164,219.035,67.7,356215.0,92.6903,543.0,20.37333333333333,3.1755,4.0,9.0,0.0
2010-11-30,9.8,426250.0,130749.0,0.19,2.309,219.59,71.6,359450.0,92.7709,545.0,20.095714285714287,3.1574999999999998,5.0,11.0,0.0
2010-12-31,9.3,420250.0,130830.0,0.18,2.6727272727272724,220.472,74.5,361979.0,93.6787,539.0,17.56954545454545,2.805454545454545,4.0,16.0,0.0
2011-01-31,9.1,426800.0,130837.0,0.17,2.7794999999999996,221.187,74.2,364394.0,93.4814,630.0,17.3155,2.694,5.0,13.0,0.0
2011-02-28,9.0,401500.0,131057.0,0.16,2.803684210526316,221.898,77.5,367475.0,93.1102,517.0,17.43,2.571578947368421,5.0,12.0,0.0
2011-03-31,9.0,406000.0,131283.0,0.14,2.7169565217391307,223.046,67.5,370775.0,94.0788,600.0,20.723478260869566,2.6204347826086956,5.0,10.0,0.0
2011-04-30,9.1,420600.0,131597.0,0.1,2.7205000000000004,224.093,69.8,372820.0,93.7749,554.0,16.244,2.568,4.0,9.0,0.0
2011-05-31,9.0,422500.0,131703.0,0.09,2.6133333333333333,224.806,74.3,372505.0,93.888,561.0,16.91142857142857,2.6128571428571425,4.0,8.0,0.0
2011-06-30,9.1,418250.0,131931.0,0.09,2.591818181818182,224.806,71.5,375587.0,94.172,608.0,19.153181818181817,2.7490909090909095,6.0,9.0,0.0
2011-07-31,9.0,412600.0,131992.0,0.07,2.5965,225.395,63.7,375442.0,94.636,623.0,19.2275,2.7565,6.0,9.0,0.0
2011-08-31,9.0,409500.0,132125.0,0.1,2.072608695652174,226.106,55.8,375860.0,95.2749,585.0,35.02913043478261,3.058695652173913,5.0,10.0,0.0
2011-09-30,9.0,417750.0,132344.0,0.08,1.7638095238095237,226.597,59.5,380042.0,95.1961,650.0,36.53,3.2952380952380955,6.0,9.0,0.0
2011-10-31,8.8,402400.0,132553.0,0.07,1.8715,226.75,60.8,382207.0,95.8568,610.0,32.829047619047614,3.2195,5.0,8.0,0.0
2011-11-30,8.6,389250.0,132690.0,0.08,1.7600000000000002,227.169,63.7,383422.0,95.8485,711.0,31.94190476190476,3.1245000000000003,4.0,7.0,0.0
2011-12-31,8.5,377000.0,132888.0,0.07,1.720952380952381,227.223,69.9,383985.0,96.3571,694.0,25.047619047619047,3.2723809523809524,4.0,9.0,0.0
2012-01-31,8.3,377750.0,133246.0,0.08,1.7260000000000002,227.842,75.0,387531.0,96.9318,723.0,20.228,3.2619999999999996,5.0,9.0,0.0
2012-02-29,8.3,363250.0,133509.0,0.1,1.6895,228.329,75.3,392310.0,97.2435,704.0,18.4205,3.1745,5.0,8.0,0.0
2012-03-31,8.2,366600.0,133748.0,0.13,1.8281818181818181,228.807,76.2,393698.0,96.74,695.0,16.167272727272728,3.0604545454545455,4.0,6.0,0.0
2012-04-30,8.2,381750.0,133825.0,0.14,1.7609523809523808,229.187,76.4,392073.0,97.4359,753.0,17.823,3.1409523809523807,4.0,7.0,0.0
2012-05-31,8.2,373500.0,133932.0,0.16,1.518181818181818,228.713,79.3,391376.0,97.6609,708.0,21.001818181818184,3.2654545454545456,5.0,7.0,0.0
2012-06-30,8.2,379200.0,134013.0,0.16,1.3304761904761906,228.524,73.2,387901.0,97.6663,757.0,21.13095238095238,3.3980952380952383,5.0,7.0,0.0
2012-07-31,8.2,372500.0,134157.0,0.16,1.2785714285714287,228.59,72.3,389686.0,97.8713,740.0,17.565238095238094,3.3452380952380953,4.0,8.0,0.0
2012-08-31,8.1,373250.0,134339.0,0.13,1.4095652173913045,229.918,74.3,394524.0,97.4525,754.0,15.689565217391305,3.2291304347826086,4.0,7.0,0.0
2012-09-30,7.8,381800.0,134517.0,0.14,1.4678947368421054,231.015,78.3,397681.0,97.381,847.0,15.284736842105264,3.1184210526315788,4.0,7.0,0.0
2012-10-31,7.8,368500.0,134669.0,0.16,1.469047619047619,231.638,82.6,397494.0,97.7193,915.0,16.276190476190475,2.8380952380952382,5.0,7.0,0.0
2012-11-30,7.7,401250.0,134825.0,0.16,1.386,231.249,82.7,399708.0,98.0777,833.0,16.701904761904764,2.8565,8.0,7.0,0.0
2012-12-31,7.9,359000.0,135074.0,0.16,1.462,231.221,72.9,401093.0,98.3101,976.0,17.307,2.9085,4.0,12.0,0.0
2013-01-31,8.0,353000.0,135257.0,0.14,1.6495238095238096,231.679,73.8,404434.0,98.3342,888.0,13.505238095238095,2.8195238095238095,5.0,12.0,1.0
2013-02-28,7.7,353000.0,135546.0,0.15,1.7168421052631577,232.937,77.6,409118.0,98.7941,962.0,14.072631578947368,2.8626315789473686,5.0,7.0,0.0
2013-03-31,7.5,351800.0,135689.0,0.14,1.7015,232.282,78.6,406223.0,99.1921,1010.0,13.0315,2.897,4.0,7.0,0.0
2013-04-30,7.6,347250.0,135873.0,0.15,1.526818181818182,231.797,76.4,404231.0,99.1065,835.0,13.967272727272727,2.8318181818181816,4.0,6.0,1.0
2013-05-31,7.5,347750.0,136096.0,0.11,1.6777272727272725,231.893,84.5,406677.0,99.1839,930.0,13.493636363636364,2.7977272727272724,4.0,7.0,1.0
2013-06-30,7.5,344600.0,136279.0,0.09,1.9665,232.445,84.1,407921.0,99.3897,839.0,17.2715,2.8899999999999997,5.0,7.0,1.0
2013-07-31,7.3,346000.0,136391.0,0.09,2.2413636363636367,232.9,85.1,410268.0,99.0814,880.0,13.974545454545455,2.7404545454545453,3.0,7.0,1.0
2013-08-31,7.2,333400.0,136646.0,0.08,2.380909090909091,233.456,82.1,409691.0,99.6543,917.0,14.21,2.6872727272727275,5.0,6.0,1.0
2013-09-30,7.2,314000.0,136821.0,0.08,2.4055,233.544,77.5,410044.0,100.161,850.0,14.692000000000002,2.6559999999999997,5.0,7.0,1.0
2013-10-31,7.2,358500.0,137041.0,0.09,2.2804545454545457,233.669,73.2,411399.0,100.082,925.0,15.407826086956522,2.6922727272727274,5.0,8.0,1.0
2013-11-30,6.9,328200.0,137317.0,0.08,2.4147368421052633,234.1,75.1,412561.0,100.3158,1100.0,12.924000000000001,2.665263157894737,3.0,6.0,1.0
2013-12-31,6.7,346000.0,137372.0,0.09,2.5619047619047617,234.719,82.5,414812.0,100.5175,1002.0,14.192380952380953,2.4823809523809524,2.0,9.0,1.0
2014-01-31,6.6,326750.0,137561.0,0.07,2.4642857142857144,235.288,81.2,411561.0,100.1599,888.0,14.24095238095238,2.334761904761905,5.0,19.0,2.0
2014-02-28,6.7,335250.0,137712.0,0.07,2.382631578947368,235.547,81.6,416736.0,100.9168,944.0,15.47,2.3899999999999997,6.0,15.0,2.0
2014-03-31,6.7,321000.0,137985.0,0.08,2.3242857142857143,236.028,80.0,421230.0,101.8942,970.0,14.836666666666666,2.340952380952381,4.0,12.0,2.0
2014-04-30,6.2,322750.0,138298.0,0.09,2.288095238095238,236.468,84.1,425546.0,101.9928,1043.0,14.19809523809524,2.199047619047619,3.0,12.0,2.0
2014-05-31,6.3,313800.0,138513.0,0.09,2.17,236.918,81.9,426253.0,102.3836,1007.0,12.475238095238096,2.203809523809524,3.0,9.0,2.0
2014-06-30,6.1,313500.0,138849.0,0.1,2.146190476190476,237.231,82.5,427305.0,102.735,911.0,11.541428571428572,2.2,3.0,8.0,3.0
2014-07-31,6.2,301750.0,139072.0,0.09,2.0359090909090907,237.498,81.8,428079.0,102.9632,1085.0,12.296363636363635,2.1922727272727274,5.0,6.0,3.0
2014-08-31,6.1,302000.0,139269.0,0.09,1.9476190476190476,237.46,82.5,431379.0,102.7688,984.0,13.491904761904761,2.2704761904761903,3.0,5.0,3.0
2014-09-30,5.9,295000.0,139563.0,0.09,1.9676190476190476,237.477,84.6,430189.0,103.0641,1023.0,13.466666666666667,2.268095238095238,3.0,5.0,4.0
2014-10-31,5.7,288750.0,139798.0,0.09,1.8586363636363636,237.43,86.9,431903.0,103.0764,1074.0,18.058695652173913,2.3836363636363633,4.0,5.0,4.0
2014-11-30,5.8,291600.0,140089.0,0.09,1.7983333333333331,236.983,88.8,433113.0,103.7126,1001.0,13.413157894736841,2.4594444444444448,3.0,4.0,4.0
2014-12-31,5.6,284500.0,140364.0,0.12,1.5718181818181818,236.252,93.6,430110.0,103.7044,1073.0,16.292272727272728,2.5304545454545457,3.0,4.0,4.0
2015-01-31,5.7,287600.0,140568.0,0.11,1.33,234.747,98.1,428208.0,102.8905,1085.0,19.1195,2.573,8.0,4.0,6.0
2015-02-28,5.5,301250.0,140827.0,0.11,1.3563157894736841,235.342,95.4,427119.0,102.2335,886.0,15.90421052631579,2.531578947368421,5.0,4.0,6.0
2015-03-31,5.4,284000.0,140923.0,0.11,1.4022727272727273,235.976,93.0,433647.0,101.8914,960.0,14.812727272727273,2.4963636363636366,6.0,4.0,6.0
2015-04-30,5.4,286000.0,141196.0,0.12,1.395,236.222,95.9,434470.0,101.3355,1190.0,13.494761904761905,2.549090909090909,4.0,4.0,5.0
2015-05-31,5.6,274000.0,141538.0,0.12,1.5885,237.001,90.7,437865.0,100.8883,1079.0,13.3385,2.691,3.0,3.0,6.0
2015-06-30,5.3,273750.0,141709.0,0.13,1.675,237.657,96.1,437951.0,100.571,1205.0,14.339545454545457,2.7618181818181817,5.0,3.0,8.0
2015-07-31,5.2,277750.0,141991.0,0.13,1.656818181818182,238.034,93.1,441942.0,101.2228,1146.0,14.352727272727272,2.877272727272727,6.0,4.0,9.0
2015-08-31,5.1,275200.0,142125.0,0.14,1.4695238095238095,238.033,91.9,441849.0,101.0367,1130.0,19.42809523809524,3.020952380952381,5.0,4.0,9.0
2015-09-30,5.0,269500.0,142275.0,0.14,1.4595238095238094,237.498,87.2,439867.0,100.7547,1224.0,24.377142857142857,3.1680952380952383,7.0,4.0,9.0
2015-10-31,5.0,267000.0,142579.0,0.12,1.4252380952380952,237.733,90.0,438693.0,100.2675,1058.0,16.789545454545454,3.2714285714285714,8.0,3.0,9.0
2015-11-30,5.1,268500.0,142808.0,0.12,1.378421052631579,238.017,91.3,440303.0,99.5298,1172.0,16.21,3.194736842105263,6.0,3.0,8.0
2015-12-31,5.0,271000.0,143077.0,0.24,1.26,237.761,92.6,442149.0,99.0417,1146.0,18.025454545454547,3.2122727272727274,4.0,4.0,9.0
2016-01-31,4.8,279600.0,143210.0,0.34,1.1857894736842105,237.652,92.0,439466.0,99.5607,1092.0,23.717894736842105,3.3626315789473686,7.0,5.0,12.0
2016-02-29,4.9,266750.0,143406.0,0.38,1.046,237.336,91.7,443117.0,99.0445,1225.0,22.517,3.559,8.0,4.0,13.0
2016-03-31,5.0,263250.0,143662.0,0.36,1.014090909090909,238.08,91.0,441856.0,98.3096,1111.0,15.84909090909091,3.244545454545454,7.0,4.0,13.0
2016-04-30,5.1,266000.0,143854.0,0.37,1.0371428571428571,238.992,89.0,444254.0,98.6421,1163.0,14.300476190476191,2.98,8.0,3.0,14.0
2016-05-31,4.8,274500.0,143900.0,0.37,0.99,239.557,94.7,445490.0,98.4184,1148.0,14.852857142857141,2.8704761904761904,6.0,4.0,17.0
2016-06-30,4.9,265250.0,144147.0,0.38,0.9127272727272728,240.222,93.5,450237.0,98.8833,1203.0,17.774545454545457,2.880909090909091,5.0,4.0,19.0
2016-07-31,4.8,259400.0,144520.0,0.39,0.8314999999999999,240.101,90.0,449789.0,98.9992,1239.0,13.1585,2.7145,4.0,4.0,19.0
2016-08-31,4.9,263500.0,144661.0,0.4,0.8191304347826087,240.545,89.8,449946.0,98.85,1171.0,12.399565217391304,2.6839130434782605,5.0,3.0,19.0
2016-09-30,5.0,251500.0,144967.0,0.4,0.8595238095238096,241.176,91.2,453056.0,98.7457,1068.0,14.21952380952381,2.680952380952381,5.0,3.0,19.0
2016-10-31,4.9,255800.0,145065.0,0.4,0.9215,241.741,87.2,453847.0,98.7611,1313.0,14.585238095238097,2.612,5.0,4.0,18.0
2016-11-30,4.7,245750.0,145183.0,0.41,1.1625,242.026,93.8,453892.0,98.3491,1140.0,15.236190476190476,2.566,4.0,3.0,18.0
2016-12-31,4.7,252200.0,145408.0,0.54,1.2952380952380953,242.637,98.2,459305.0,99.0214,1252.0,12.472380952380954,2.335238095238095,4.0,3.0,18.0
2017-01-31,4.7,244000.0,145628.0,0.65,1.226,243.618,98.5,464412.0,98.7611,1190.0,11.6085,2.228,6.0,4.0,26.0
2017-02-28,4.6,230250.0,145846.0,0.66,1.2178947368421054,244.006,96.3,464284.0,98.3646,1271.0,11.530526315789475,2.2221052631578946,5.0,3.0,22.0
2017-03-31,4.4,233750.0,145970.0,0.79,1.168695652173913,243.892,96.9,463674.0,99.0137,1190.0,11.89782608695652,2.2,5.0,3.0,22.0
2017-04-30,4.4,227800.0,146175.0,0.9,1.0563157894736843,244.193,97.0,465276.0,100.0224,1146.0,13.136315789473684,2.272105263157895,20.0,3.0,24.0
2017-05-31,4.4,239000.0,146380.0,0.91,1.0018181818181817,244.004,97.1,462754.0,100.1408,1157.0,10.862272727272726,2.245909090909091,6.0,3.0,29.0
2017-06-30,4.3,248000.0,146583.0,1.04,0.8445454545454546,244.163,95.0,465130.0,100.3471,1249.0,10.513636363636364,2.183181818181818,6.0,3.0,37.0
2017-07-31,4.3,250800.0,146772.0,1.15,0.9455,244.243,93.4,465089.0,100.1068,1206.0,10.2645,2.0715,5.0,3.0,38.0
2017-08-31,4.4,247750.0,146919.0,1.16,0.8739130434782609,245.183,96.8,466020.0,99.6925,1159.0,11.975652173913044,2.1008695652173914,5.0,3.0,38.0
2017-09-30,4.3,272400.0,147008.0,1.15,0.8175000000000001,246.435,95.1,475724.0,99.7954,1181.0,10.437999999999999,2.1015,5.0,3.0,36.0
2017-10-31,4.2,242250.0,147149.0,1.15,0.8104761904761905,246.626,100.7,476107.0,101.0247,1257.0,10.125454545454545,1.9557142857142857,5.0,3.0,38.0
2017-11-30,4.2,247750.0,147372.0,1.16,0.6566666666666666,247.284,98.5,480949.0,101.2664,1273.0,10.54047619047619,1.9154999999999998,7.0,3.0,35.0
2017-12-31,4.1,242600.0,147523.0,1.3,0.5585,247.805,95.9,483586.0,101.4644,1177.0,10.2645,1.8210000000000002,5.0,3.0,36.0
2018-01-31,4.0,235250.0,147660.0,1.41,0.5519047619047619,248.859,95.7,481414.0,101.4625,1299.0,11.062380952380952,1.6723809523809523,7.0,4.0,48.0
2018-02-28,4.1,221000.0,148054.0,1.42,0.6836842105263158,249.529,99.7,484031.0,101.7085,1277.0,22.464736842105264,1.65,6.0,3.0,41.0
2018-03-31,4.0,225800.0,148280.0,1.51,0.5666666666666667,249.577,101.4,484110.0,102.2067,1318.0,19.023809523809526,1.7976190476190477,5.0,3.0,42.0
2018-04-30,4.0,221500.0,148420.0,1.69,0.4847619047619047,250.227,98.8,484154.0,103.3329,1276.0,18.267619047619046,1.8000000000000003,4.0,3.0,47.0
2018-05-31,3.8,221250.0,148742.0,1.7,0.4659090909090909,250.792,98.0,491960.0,102.4024,1357.0,14.124545454545455,1.8477272727272727,4.0,2.0,53.0
2018-06-30,4.0,222600.0,148960.0,1.82,0.379047619047619,251.018,98.2,490228.0,103.198,1192.0,13.678095238095239,1.9223809523809523,5.0,3.0,64.0
2018-07-31,3.8,209500.0,149020.0,1.91,0.28238095238095234,251.214,97.9,493142.0,103.3646,1208.0,13.147619047619049,1.9023809523809525,4.0,3.0,64.0
2018-08-31,3.8,208500.0,149277.0,1.91,0.2534782608695652,251.663,96.2,493445.0,104.0327,1288.0,12.54695652173913,1.8769565217391304,4.0,3.0,66.0
2018-09-30,3.7,205200.0,149358.0,1.95,0.23631578947368423,252.182,100.1,491507.0,104.1004,1250.0,12.910526315789474,1.8794736842105264,4.0,2.0,61.0
2018-10-31,3.8,213000.0,149527.0,2.19,0.2913636363636364,252.772,98.6,496416.0,103.9856,1221.0,19.35217391304348,1.913181818181818,6.0,3.0,63.0
2018-11-30,3.8,225250.0,149617.0,2.2,0.258,252.594,97.5,498854.0,104.0681,1181.0,19.38904761904762,2.107,6.0,3.0,59.0
2018-12-31,3.9,224600.0,149809.0,2.27,0.1563157894736842,252.767,98.3,489113.0,104.0936,1095.0,24.953157894736844,2.3010526315789472,5.0,3.0,56.0
2019-01-31,4.0,222750.0,150060.0,2.4,0.17047619047619048,252.561,91.2,490440.0,103.4021,1226.0,19.57238095238095,2.4061904761904764,9.0,4.0,73.0
2019-02-28,3.8,222500.0,150067.0,2.4,0.17210526315789473,253.319,93.8,491751.0,102.8371,1121.0,15.234736842105262,2.2710526315789474,8.0,3.0,67.0
2019-03-31,3.8,211800.0,150295.0,2.41,0.16142857142857142,254.277,98.4,499292.0,102.8757,1191.0,14.485238095238095,2.264761904761905,6.0,3.0,63.0
2019-04-30,3.7,209750.0,150591.0,2.42,0.18761904761904763,255.233,97.2,499343.0,102.274,1272.0,12.949047619047619,2.170952380952381,5.0,3.0,72.0
2019-05-31,3.6,218500.0,150618.0,2.39,0.18863636363636366,255.296,100.0,504741.0,102.392,1293.0,16.721818181818183,2.2331818181818184,6.0,3.0,90.0
2019-06-30,3.6,225200.0,150838.0,2.38,0.26,255.213,98.2,505251.0,102.4375,1243.0,15.836000000000002,2.3865,5.0,3.0,94.0
2019-07-31,3.7,208500.0,150937.0,2.4,0.2240909090909091,255.802,98.4,509091.0,101.9408,1240.0,13.305909090909092,2.22,5.0,3.0,89.0
2019-08-31,3.6,211000.0,151169.0,2.13,0.055,256.036,89.8,512561.0,102.639,1375.0,18.97909090909091,2.247272727272727,6.0,3.0,93.0
2019-09-30,3.5,209500.0,151365.0,2.04,0.051500000000000004,256.43,93.2,509282.0,102.2917,1311.0,15.559000000000001,2.215,5.0,3.0,89.0
2019-10-31,3.6,212250.0,151460.0,1.83,0.15545454545454546,257.155,95.5,510648.0,101.4281,1325.0,15.466521739130435,2.2181818181818183,7.0,3.0,87.0
2019-11-30,3.6,224400.0,151667.0,1.55,0.19947368421052633,257.879,96.8,514215.0,101.9372,1353.0,12.5235,2.128947368421053,5.0,3.0,82.0
2019-12-31,3.6,236000.0,151794.0,1.55,0.24952380952380954,258.63,99.3,515866.0,101.7003,1548.0,13.756666666666666,2.0157142857142856,5.0,3.0,78.0
2020-01-31,3.6,215500.0,152031.0,1.55,0.23857142857142857,259.127,99.8,515119.0,101.0338,1581.0,13.94095238095238,2.0142857142857142,7.0,3.0,98.0
2020-02-29,3.5,210200.0,152293.0,1.58,0.1731578947368421,259.25,101.0,515330.0,101.3735,1549.0,19.628947368421052,2.106842105263158,8.0,3.0,88.0
2020-03-31,4.4,2335250.0,150895.0,0.65,0.42181818181818187,258.076,89.1,468324.0,97.4078,1266.0,57.73681818181819,3.4181818181818184,14.0,41.0,72.0
2020-04-30,14.8,4663250.0,130426.0,0.05,0.43285714285714283,256.032,71.8,401028.0,84.5619,936.0,41.453809523809525,3.4695238095238095,19.0,85.0,53.0
2020-05-31,13.2,2173400.0,133040.0,0.05,0.5035000000000001,255.802,72.3,478449.0,85.9604,1039.0,30.897000000000002,3.28,18.0,47.0,71.0
2020-06-30,11.0,1490250.0,137671.0,0.08,0.5436363636363637,257.042,78.1,518038.0,91.5934,1266.0,31.119545454545456,2.9131818181818185,13.0,39.0,92.0
2020-07-31,10.2,1383500.0,139255.0,0.09,0.4754545454545455,258.352,72.5,526304.0,95.0256,1526.0,26.840454545454545,2.6895454545454545,12.0,43.0,89.0
2020-08-31,8.4,922400.0,140821.0,0.1,0.5104761904761905,259.316,74.1,530735.0,95.9549,1396.0,22.88952380952381,2.624285714285714,11.0,50.0,85.0
2020-09-30,7.8,851750.0,141770.0,0.09,0.5447619047619048,259.997,80.4,541302.0,95.9669,1473.0,27.64761904761905,2.684761904761905,9.0,32.0,85.0
2020-10-31,6.9,795400.0,142460.0,0.09,0.6376190476190476,260.319,81.8,539114.0,96.7394,1543.0,29.438636363636363,2.6523809523809527,11.0,24.0,90.0
2020-11-30,6.7,751250.0,142733.0,0.09,0.7042105263157895,260.911,76.9,533941.0,97.0816,1543.0,24.9955,2.4257894736842105,7.0,19.0,79.0
2020-12-31,6.7,836750.0,142548.0,0.09,0.7977272727272727,262.045,80.7,538548.0,98.363,1614.0,22.37409090909091,2.2304545454545455,5.0,29.0,86.0
2021-01-31,6.4,827800.0,142863.0,0.09,0.9500000000000001,262.687,79.0,559230.0,98.8822,1624.0,24.91,2.1626315789473685,4.0,31.0,93.0
2021-02-28,6.2,755000.0,143380.0,0.08,1.1426315789473684,263.579,76.8,544891.0,95.6149,1398.0,23.140526315789476,2.1631578947368424,5.0,23.0,81.0
2021-03-31,6.1,669250.0,144232.0,0.07,1.463913043478261,264.961,84.9,603581.0,98.3856,1688.0,21.84304347826087,2.1317391304347826,3.0,26.0,73.0
2021-04-30,6.1,589000.0,144587.0,0.07,1.471818181818182,266.614,88.3,608961.0,98.5587,1489.0,17.416190476190476,1.9723809523809526,3.0,20.0,76.0
2021-05-31,5.8,469200.0,145065.0,0.06,1.466,268.383,82.9,605282.0,99.4333,1600.0,19.7605,1.9989999999999999,3.0,21.0,88.0
2021-06-30,5.9,409500.0,145820.0,0.08,1.3163636363636364,270.654,85.5,611950.0,99.7987,1664.0,16.956818181818182,1.9259090909090908,3.0,16.0,96.0
2021-07-31,5.4,370000.0,146762.0,0.1,1.099047619047619,271.903,81.2,601817.0,100.2519,1600.0,17.603333333333335,1.926190476190476,3.0,14.0,93.0
2021-08-31,5.1,359750.0,147314.0,0.09,1.0659090909090911,272.676,70.3,605533.0,100.0437,1596.0,17.472727272727273,1.9563636363636363,2.0,14.0,100.0
2021-09-30,4.7,354750.0,147771.0,0.08,1.1338095238095238,273.91,72.8,609671.0,98.8579,1576.0,19.824761904761903,1.8552380952380954,2.0,12.0,91.0
2021-10-31,4.5,284400.0,148572.0,0.08,1.19,276.55,71.7,618573.0,100.1861,1587.0,17.871428571428574,1.7705000000000002,2.0,6.0,88.0
2021-11-30,4.1,236500.0,149230.0,0.08,1.0515,278.919,67.4,624874.0,100.8654,1707.0,18.50047619047619,1.7235,2.0,5.0,84.0
2021-12-31,3.9,216250.0,149816.0,0.08,0.785,280.845,70.6,619938.0,100.5726,1711.0,21.354545454545455,1.8338095238095238,4.0,5.0,78.0
2022-01-31,4.0,239200.0,150006.0,0.08,0.7835,282.543,67.2,631509.0,100.1856,1693.0,23.181,1.8210000000000002,3.0,6.0,87.0
2022-02-28,3.9,219000.0,150825.0,0.08,0.49894736842105264,284.5,62.8,638101.0,100.8064,1730.0,25.748421052631578,2.033684210526316,3.0,5.0,83.0
2022-03-31,3.7,215000.0,151315.0,0.2,0.21826086956521737,287.674,59.4,651027.0,101.3907,1700.0,26.968695652173913,2.166086956521739,3.0,4.0,90.0
2022-04-30,3.7,213000.0,151623.0,0.33,0.20950000000000002,288.561,65.2,660194.0,101.44,1807.0,24.3735,1.9114999999999998,4.0,4.0,79.0
2022-05-31,3.6,209750.0,151924.0,0.77,0.2814285714285714,291.298,58.4,659847.0,101.3335,1546.0,29.313636363636363,2.218571428571429,8.0,4.0,87.0
2022-06-30,3.6,212500.0,152358.0,1.21,0.14523809523809525,294.957,50.0,666113.0,101.018,1556.0,28.23318181818182,2.124285714285714,9.0,4.0,92.0
2022-07-31,3.5,218200.0,153072.0,1.68,-0.13999999999999999,294.913,51.5,659550.0,101.223,1382.0,24.995238095238093,2.3175,8.0,4.0,90.0
2022-08-31,3.6,216500.0,153362.0,2.33,-0.3521739130434782,295.097,58.2,663566.0,101.0963,1532.0,22.169565217391302,2.254782608695652,11.0,4.0,91.0
2022-09-30,3.5,197500.0,153582.0,2.56,-0.3376190476190476,296.349,58.6,661854.0,101.2918,1481.0,27.34181818181818,2.1747619047619047,7.0,4.0,78.0
2022-10-31,3.6,202600.0,153939.0,3.08,-0.3915,298.007,59.9,668671.0,101.2529,1446.0,30.005714285714287,2.277,10.0,4.0,75.0
2022-11-30,3.6,210750.0,154242.0,3.78,-0.6125,298.786,56.7,659458.0,100.9552,1434.0,23.29909090909091,2.1745,33.0,4.0,65.0
2022-12-31,3.5,208200.0,154342.0,4.1,-0.6723809523809524,298.832,59.8,651763.0,99.7664,1296.0,21.784285714285716,1.9776190476190476,13.0,4.0,68.0
2023-01-31,3.5,204500.0,154776.0,4.33,-0.6759999999999999,300.42,64.9,680253.0,100.505,1358.0,20.16904761904762,1.9705,34.0,6.0,92.0
2023-02-28,3.6,214750.0,155066.0,4.57,-0.7868421052631579,301.45,66.9,672152.0,100.6416,1395.0,20.1205,1.8473684210526315,22.0,5.0,82.0
2023-03-31,3.5,229000.0,155134.0,4.65,-0.6395652173913043,301.821,62.0,665071.0,101.0205,1366.0,21.644347826086957,2.051304347826087,22.0,5.0,83.0
2023-04-30,3.4,216400.0,155375.0,4.83,-0.5559999999999999,302.845,63.7,670494.0,101.253,1343.0,17.817894736842106,2.0694736842105264,21.0,5.0,79.0
2023-05-31,3.6,226000.0,155655.0,5.06,-0.5581818181818181,303.334,59.0,673902.0,100.9286,1609.0,17.63608695652174,2.192727272727273,14.0,6.0,90.0
2023-06-30,3.6,250750.0,155880.0,5.08,-0.8914285714285713,304.014,64.2,677117.0,100.1196,1420.0,14.003181818181817,2.0061904761904765,13.0,6.0,98.0
2023-07-31,3.5,235200.0,156043.0,5.12,-0.9289999999999999,304.609,71.5,678424.0,100.9067,1464.0,13.932380952380951,1.842,15.0,6.0,90.0
2023-08-31,3.7,245000.0,156261.0,5.33,-0.7339130434782608,306.082,69.4,684755.0,100.8393,1321.0,15.85391304347826,1.8495652173913044,11.0,6.0,92.0
2023-09-30,3.7,218600.0,156417.0,5.33,-0.643,307.276,67.8,689403.0,101.0211,1369.0,15.173333333333332,1.777,11.0,6.0,86.0
2023-10-31,3.9,210250.0,156576.0,5.33,-0.26952380952380955,307.696,63.8,686148.0,100.4689,1380.0,18.887727272727272,1.8314285714285714,13.0,6.0,79.0
2023-11-30,3.7,218000.0,156703.0,5.33,-0.3795238095238095,308.148,61.3,685328.0,100.8639,1522.0,14.01909090909091,1.789047619047619,13.0,6.0,77.0
2023-12-31,3.8,207800.0,156857.0,5.33,-0.437,308.741,69.7,686277.0,100.6031,1504.0,12.7185,1.6219999999999999,10.0,5.0,75.0
2024-01-31,3.7,211500.0,157032.0,5.33,-0.2647619047619048,309.698,79.0,680456.0,99.2223,1378.0,13.388636363636364,1.619047619047619,21.0,6.0,88.0
2024-02-29,3.9,210000.0,157238.0,5.33,-0.3365,310.967,76.9,685280.0,100.285,1555.0,13.980476190476189,1.5585,18.0,5.0,78.0
2024-03-31,3.9,215200.0,157466.0,5.33,-0.3795,312.345,79.4,687641.0,100.4575,1297.0,13.7875,1.5450000000000002,12.0,4.0,71.0
2024-04-30,3.9,210250.0,157530.0,5.33,-0.33409090909090905,313.023,77.2,687602.0,100.2434,1379.0,16.137727272727275,1.4631818181818181,14.0,4.0,79.0
2024-05-31,3.9,222000.0,157608.0,5.33,-0.3740909090909091,313.175,69.1,692774.0,100.863,1329.0,13.058695652173913,1.468181818181818,12.0,4.0,88.0
2024-06-30,4.1,234800.0,157695.0,5.33,-0.431578947368421,313.044,68.2,692449.0,100.894,1318.0,12.667,1.5142105263157895,10.0,4.0,90.0
2024-07-31,4.2,237250.0,157748.0,5.33,-0.24727272727272728,313.569,66.4,698835.0,99.9757,1269.0,14.373913043478263,1.5881818181818181,10.0,5.0,91.0
2024-08-31,4.2,230600.0,157757.0,5.33,-0.09454545454545454,314.062,67.9,697039.0,100.4309,1394.0,19.312272727272727,1.7336363636363636,13.0,4.0,89.0
2024-09-30,4.1,224500.0,157912.0,5.13,0.101,314.732,70.1,703055.0,99.8084,1357.0,17.663333333333334,1.6945000000000001,10.0,4.0,81.0
2024-10-31,4.1,236250.0,157945.0,4.83,0.12318181818181818,315.631,70.5,708290.0,99.4695,1370.0,19.960869565217394,1.5386363636363638,12.0,4.0,80.0
2024-11-30,4.2,219200.0,158079.0,4.64,0.09842105263157895,316.528,71.8,711853.0,99.2925,1300.0,16.015238095238097,1.421578947368421,11.0,4.0,75.0
2024-12-31,4.1,222750.0,158316.0,4.48,0.1657142857142857,317.604,74.0,717265.0,100.3273,1494.0,15.866190476190477,1.4095238095238094,8.0,4.0,69.0
2025-01-31,4.0,215000.0,158268.0,4.33,0.35714285714285715,318.961,71.7,711260.0,100.0647,1353.0,16.763636363636365,1.4476190476190476,12.0,5.0,89.0
2025-02-28,4.2,225000.0,158310.0,4.33,0.24105263157894738,319.679,64.7,711575.0,101.0993,1491.0,16.968,1.471578947368421,34.0,5.0,83.0
2025-03-31,4.2,223000.0,158377.0,4.33,0.31047619047619046,319.785,57.0,723339.0,101.0404,1346.0,21.841428571428573,1.6504761904761902,18.0,5.0,78.0
2025-04-30,4.2,225750.0,158485.0,4.33,0.5014285714285714,320.302,52.2,721903.0,101.1279,1400.0,31.966190476190473,1.9047619047619047,18.0,5.0,78.0
2025-05-31,4.3,231800.0,158498.0,4.33,0.5038095238095238,320.62,52.2,716101.0,100.9655,1289.0,20.46227272727273,1.8623809523809522,15.0,4.0,82.0
2025-06-30,4.1,239000.0,158478.0,4.33,0.49450000000000005,321.435,60.7,723033.0,101.4785,1379.0,18.403333333333336,1.7645,13.0,5.0,80.0
2025-07-31,4.3,221500.0,158542.0,4.33,0.5095454545454546,322.169,61.7,727727.0,101.894,1432.0,16.381304347826084,1.7068181818181818,18.0,5.0,83.0
2025-08-31,4.3,229600.0,158472.0,4.33,0.5609523809523809,323.291,58.2,731700.0,101.6247,1291.0,15.75,1.7314285714285713,12.0,5.0,80.0
2025-09-30,4.4,234000.0,158548.0,4.22,0.5519047619047619,324.245,55.1,732192.0,101.668,1319.0,15.789090909090909,1.7128571428571429,11.0,5.0,70.0
2025-10-31,4.4,226750.0,158408.0,4.09,0.5404545454545455,324.245,53.6,731051.0,101.2195,1273.0,18.086521739130436,1.6731818181818183,28.0,5.0,70.0
2025-11-30,4.5,222400.0,158449.0,3.88,0.543888888888889,325.063,51.0,734718.0,101.0344,1319.0,19.7695,1.7633333333333334,15.0,6.0,62.0
2025-12-31,4.4,219250.0,158432.0,3.72,0.6422727272727273,326.031,52.9,734717.0,101.5203,1378.0,15.548181818181819,1.7545454545454546,9.0,6.0,68.0
2026-01-31,4.3,211800.0,158592.0,3.64,0.6765,326.588,56.4,734503.0,101.4737,1385.0,16.17904761904762,1.6649999999999998,22.0,7.0,86.0
2026-02-28,4.4,215750.0,158436.0,3.64,0.6542105263157895,327.46,56.6,741278.0,102.1009,1346.0,19.207,1.6868421052631577,18.0,7.0,79.0
2026-03-31,4.3,208000.0,158621.0,3.64,0.5313636363636364,330.293,53.3,753370.0,101.806,1507.0,25.596818181818183,1.7895454545454543,21.0,6.0,84.0
2026-04-30,4.3,207750.0,158736.0,3.64,0.52,332.407,49.8,757085.0,102.4963,1465.0,19.811904761904763,1.7114285714285713,22.0,5.0,84.0
2026-05-31,4.3,206666.66666666666,158736.0,3.64,0.4925,332.407,49.8,757085.0,102.4963,1465.0,17.622,1.636,18.0,4.0,89.0
